{
	"info": {
		"_postman_id": "2a04103a-6233-46ee-846c-ffe7b023d3fa",
		"name": "OpenWeather demo",
		"schema": "https://schema.getpostman.com/json/collection/v2.1.0/collection.json",
		"_exporter_id": "9992197"
	},
	"item": [
		{
			"name": "Weather by City Name",
			"request": {
				"method": "GET",
				"header": [],
				"url": {
					"raw": "https://api.openweathermap.org/data/2.5/weather?q={{cityName}}&lang=es&appid=YOUR_APPID",
					"host": [
						"https://api.openweathermap.org"
					],
					"path": [
						"data",
						"2.5",
						"weather"
					],
					"query": [
						{
							"key": "q",
							"value": "{{cityName}}",
							"disabled": false
						},
						{
							"key": "lang",
							"value": "es",
							"disabled": false
						},
						{
							"key": "appid",
							"value": "YOUR_APPID",
							"disabled": false
						}
					]
				}
			},
			"response": []
		}
	],
	"variable": [
		{
			"key": "cityName",
			"value": "Pamplona",
			"type": "string"
		}
	]
}
